Comment,Designator,Footprint,LCSC
"MOSFETSO-8","AH1,AL1,BH1,BL1,CH1,CL1,AH2,AL2,BH2,BL2,CH2,CL2","motor:PowerPAK_SO-8_123","C2908526"
"100nF 50V","C1,C2,C10,C11,C14,C15","Capacitor_SMD:C_0603_1608Metric","C14663"
"1u","C18,C32,C34,C35,C53,C54","Capacitor_SMD:C_0603_1608Metric","C15849"
"20p","C19,C27,C28,C42","Capacitor_SMD:C_0603_1608Metric","C1648"
"10u","C20,C22,C29,C81,C86","Capacitor_SMD:C_0805_2012Metric","C15850"
"47p","C23,C60,C61,C62,C63,C64","Capacitor_SMD:C_0603_1608Metric","C1671"
"100uF 35V","C24","Capacitor_SMD:CP_Elec_6.3x7.7","C267470"
"47uF 63V","C3,C4,C5,C6,C7","Capacitor_SMD:CP_Elec_8x10","C72524"
"18p","C57,C58","Capacitor_SMD:C_0603_1608Metric","C1647"
"100n","C21,C30,C31,C33,C36,C37,C38,C39,R39,C40,C41,C43,C44,C45,C46,C47,C48,C49,C50,C51,C52,C55,C56,C59,R59,C66,C67,C68","Capacitor_SMD:C_0603_1608Metric","C14663"
"47n","C65,C69,C70","Capacitor_SMD:C_0603_1608Metric","C1622"
"47nF","C71","Capacitor_SMD:C_0603_1608Metric","C1622"
"1uF 35V","C72","Capacitor_SMD:C_0805_2012Metric","C440196"
"33Nf","C73","Capacitor_SMD:C_0603_1608Metric","C21117"
"100nF 100V","C74","Capacitor_SMD:C_0805_2012Metric","C28233"
"4.7uF 100V","C75","Capacitor_SMD:C_1210_3225Metric","C697607"
"2.2uF 100V","C76,C77,C78,C79,C80","Capacitor_SMD:C_1206_3216Metric","C650969"
"10uF 50V","C8,C9,C12,C13,C16,C17","Capacitor_SMD:C_0805_2012Metric","C440198"
"DNP","C82,C83,C84,C85","Capacitor_SMD:C_0402_1005Metric",""
"FR107","D1,D2,D11,D14,D21,D24","Diode_SMD:D_SOD-123","C511885"
"1N4148WS","D3,D4,D5,D6,D12,D13,D15,D16,D22,D23,D25,D26,D31","Diode_SMD:D_SOD-323","C2128"
"SS210","D32","Diode_SMD:D_SMA","C14996"
"WS2812B","D33,D34,D35","RP2040_minimal:LED_WS2812_3528_3.5x2.8mm_P1.5mm","C2890364"
"CDSOT23-SM712","D36,D40","digikey-footprints:SOT-23-3","C521963"
"LED_GREEN","D38","LED_SMD:LED_0805_2012Metric","C2297"
"LED_YELLOW","D39","LED_SMD:LED_0805_2012Metric","C5137318"
"LED_RED","D41","LED_SMD:LED_0603_1608Metric","C434419"
"B5819W SL","D7,D8,D9,D10,D17,D18,D19,D20,D27,D28,D29,D30,D37","Diode_SMD:D_SOD-123","C8598"
"USB_C_Receptacle_USB2.0","J1,J6","Connector_USB:USB_C_Receptacle_XKB_U262-16XN-4BVC11","C2835315"
"Conn_01x04","J2,J11","Connector_Molex:Molex_KK-254_AE-6410-04A_1x04_P2.54mm_Vertical","C402777"
"Conn_01x05","J3,J4,J15","Connector_Molex:Molex_KK-254_AE-6410-05A_1x05_P2.54mm_Vertical","C27544"
"Conn_01x06","J5,J12","Connector_Molex:Molex_KK-254_AE-6410-06A_1x06_P2.54mm_Vertical","C140771"
"Conn_01x02","J7","Connector_Molex:Molex_KK-254_AE-6410-02A_1x02_P2.54mm_Vertical","C27543"
"RJ45","J8,J16","parts:RJ45_R-RJ45R08P-B000","C386756"
"Conn_01x03","J9,J10,J13,J14","Connector_Molex:Molex_KK-254_AE-6410-03A_1x03_P2.54mm_Vertical","C29275"
"100uH 0.5A","L1","RP2040_minimal:SM5845","C49622"
"330R","R1,R2,R3,R6","Resistor_SMD:R_0603_1608Metric","C105881"
"510R","R10","Resistor_SMD:R_0603_1608Metric","C23193"
"22R","R4,R5","Resistor_SMD:R_0603_1608Metric","C23345"
"5.1k","R40,R43,R44,R46,R62,R63,R65,R76","Resistor_SMD:R_0603_1608Metric","C23186"
"1.1k","R41,R47,R52,R66","Resistor_SMD:R_0603_1608Metric","C22764"
"DNS","R42,R51","Resistor_SMD:R_0402_1005Metric",""
"10k","R45,R53,R54,R55,R56,R57,R58,R72,R74,R79","Resistor_SMD:R_0603_1608Metric","C25804"
"0.15R","R48","Resistor_SMD:R_1206_3216Metric","C37936"
"2.7k","R49","Resistor_SMD:R_0603_1608Metric","C13167"
"23.2k","R50","Resistor_SMD:R_0603_1608Metric","C23346"
"27","R60,R61,R70,R71","Resistor_SMD:R_0603_1608Metric","C25190"
"100k","R64","Resistor_SMD:R_0603_1608Metric","C25803"
"27R","R67","Resistor_SMD:R_0603_1608Metric","C25190"
"56R","R68","Resistor_SMD:R_0603_1608Metric","C25196"
"10.2R","R7,R8,R19,R20,R24,R25,R34,R35,R37,R38","Resistor_SMD:R_0603_1608Metric","C22773"
"82R","R77","Resistor_SMD:R_0603_1608Metric","C23255"
"120R","R9,R75","Resistor_SMD:R_0603_1608Metric","C22787"
"SW_MEC_5G","SW1,SW2","parts:SW_TS_1101_C_W","C318938"
"Thermistor 10k","TH1","Resistor_SMD:R_0603_1608Metric","C13564"
"TestPoint","TP2","TestPoint:TestPoint_Keystone_5019_Minature","C238130"
"EG2131","U1,U2,U4,U5,U7,U8","Package_SO:SOIC-8_3.9x4.9mm_P1.27mm","C193777"
"LD1086DT33TR","U10","Package_TO_SOT_SMD:TO-252-2","C12051"
"XL7045","U11","Package_SO:SOIC-8-1EP_3.9x4.9mm_P1.27mm_EP2.41x3.81mm","C126474"
"W25Q16JVSSIQ","U12,U13","Package_SO:SOIC-8_5.23x5.23mm_P1.27mm","C82317"
"RP2040","U15,U19","RP2040_minimal:RP2040-QFN-56","C2040"
"isolator","U17","Package_SO:SOIC-8_7.5x5.85mm_P1.27mm","C528763"
"MCP2515-xSO","U18","Package_SO:SOIC-18W_7.5x11.6mm_P1.27mm","C12368"
"EL357N(C)(TA)-G","U21","Package_SO:SO-4_4.4x3.6mm_P2.54mm","C29981"
"CC6920B","U3,U14,U20,U22","Package_SO:SOIC-8_3.9x4.9mm_P1.27mm","C2880436"
"SN74LVC1G07QDCKTQ1","U6,U23","Package_TO_SOT_SMD:SOT-353_SC-70-5","C171458"
"ADC081S021CISD/NOPB","U9,U16","Package_TO_SOT_SMD:SOT-23-6","C130227"
"Crystal_GND24","Y1,Y2,Y3","Crystal:Crystal_SMD_3225-4Pin_3.2x2.5mm","C9002"